{
	"credit": "Made with Blockbench",
	"texture_size": [32, 32],
	"textures": {
		"0": "custom/block/grass_slab",
		"particle": "custom/block/grass_slab"
	},
	"elements": [
		{
			"from": [-0.01, -16, -0.01],
			"to": [16.01, -7.98, 16.01],
			"rotation": {"angle": 0, "axis": "y", "origin": [0, -15, 0]},
			"faces": {
				"north": {"uv": [8, 0, 16, 4], "texture": "#0", "tintindex": 0},
				"east": {"uv": [8, 0, 16, 4], "texture": "#0", "tintindex": 0},
				"south": {"uv": [8, 0, 16, 4], "texture": "#0", "tintindex": 0},
				"west": {"uv": [8, 0, 16, 4], "texture": "#0", "tintindex": 0},
				"up": {"uv": [8, 8, 0, 0], "texture": "#0", "tintindex": 0},
				"down": {"uv": [8, 8, 0, 16], "texture": "#0", "tintindex": 0}
			}
		},
		{
			"from": [-0.01, -16, -0.01],
			"to": [16.01, -7.98, 16.01],
			"rotation": {"angle": 0, "axis": "y", "origin": [0, -15, 0]},
			"faces": {
				"north": {"uv": [8, 4, 16, 8], "texture": "#0"},
				"east": {"uv": [8, 4, 16, 8], "texture": "#0"},
				"south": {"uv": [8, 4, 16, 8], "texture": "#0"},
				"west": {"uv": [8, 4, 16, 8], "texture": "#0"},
				"up": {"uv": [16, 16, 8, 8], "texture": "#0"},
				"down": {"uv": [16, 8, 8, 16], "texture": "#0"}
			}
		}
	]
}