{
	"credit": "Made with Blockbench",
	"textures": {
		"0": "item/lollipop",
		"particle": "block/lollipop"
	},
	"elements": [
		{
			"from": [7, 0, 8],
			"to": [8, 7, 8],
			"rotation": {"angle": 0, "axis": "y", "origin": [6, 0, 8]},
			"faces": {
				"north": {"uv": [5, 0, 6, 7], "texture": "#0"},
				"east": {"uv": [0, 0, 0, 7], "texture": "#0"},
				"south": {"uv": [6, 0, 7, 7], "texture": "#0"},
				"west": {"uv": [0, 0, 0, 7], "texture": "#0"},
				"up": {"uv": [1, 0, 0, 0], "texture": "#0"},
				"down": {"uv": [1, 0, 0, 0], "texture": "#0"}
			}
		},
		{
			"from": [5, 7, 7.5],
			"to": [10, 12, 8.5],
			"rotation": {"angle": 0, "axis": "y", "origin": [6, 7, 6.5]},
			"faces": {
				"north": {"uv": [0, 0, 5, 5], "texture": "#0"},
				"east": {"uv": [5, 7, 6, 12], "texture": "#0"},
				"south": {"uv": [0, 5, 5, 10], "texture": "#0"},
				"west": {"uv": [6, 7, 7, 12], "texture": "#0"},
				"up": {"uv": [12, 1, 7, 0], "texture": "#0"},
				"down": {"uv": [12, 1, 7, 2], "texture": "#0"}
			}
		}
	],
	"display": {
		"thirdperson_righthand": {
			"rotation": [66.25, 0, 0],
			"translation": [0.5, 2.5, 6.5]
		},
		"thirdperson_lefthand": {
			"rotation": [66.25, 0, 0],
			"translation": [0.5, 2.5, 6.5]
		},
		"firstperson_righthand": {
			"rotation": [0, -69.5, 0],
			"translation": [0.5, 6, 1.25]
		},
		"firstperson_lefthand": {
			"rotation": [0, -69.5, 0],
			"translation": [-1, 6, 1.25]
		},
		"gui": {
			"rotation": [0, -45.25, -13.75],
			"translation": [1, 2.75, 0],
			"scale": [1.5, 1.5, 1.5]
		},
		"head": {
			"rotation": [10.25, 0, 0],
			"translation": [0.5, -9, -7.75],
			"scale": [1.5, 1.5, 1.5]
		},
		"fixed": {
			"translation": [0, 2.5, -0.5],
			"scale": [1.5, 1.5, 1.5]
		}
	}
}