{
  "parent": "item/handheld",
  "textures": {
    "layer0": "item/shulker_shell"
  },
  "overrides": [
    { "predicate": { "custom_model_data": 1 }, "model": "custom/flashlight" },
    { "predicate": { "custom_model_data": 2 }, "model": "custom/flashlight_lit" },
    { "predicate": { "custom_model_data": 3 }, "model": "custom/polaroid" },
    { "predicate": { "custom_model_data": 4 }, "model": "custom/asmongold" },
    { "predicate": { "custom_model_data": 5 }, "model": "custom/keyboard" },
    { "predicate": { "custom_model_data": 6 }, "model": "custom/cans" },
    { "predicate": { "custom_model_data": 7 }, "model": "custom/ammobox" },
    { "predicate": { "custom_model_data": 8 }, "model": "custom/singlecan" }
  ]
}
