{
	"credit": "Made with Blockbench",
	"textures": {
		"0": "item/ammo",
		"particle": "item/ammo"
	},
	"elements": [
		{
			"from": [4, 0, 7],
			"to": [12, 4, 11],
			"rotation": {"angle": 0, "axis": "y", "origin": [7, 0, 8]},
			"faces": {
				"north": {"uv": [0, 0, 8, 4], "texture": "#0"},
				"east": {"uv": [8, 4, 12, 8], "texture": "#0"},
				"south": {"uv": [0, 4, 8, 8], "texture": "#0"},
				"west": {"uv": [8, 8, 12, 12], "texture": "#0"},
				"up": {"uv": [8, 12, 0, 8], "texture": "#0"},
				"down": {"uv": [16, 0, 8, 4], "texture": "#0"}
			}
		},
		{
			"from": [3, 0.6, 7],
			"to": [4, 1.6, 10],
			"rotation": {"angle": 22.5, "axis": "x", "origin": [3.5, 1.1, 8.5]},
			"faces": {
				"north": {"uv": [4, 13, 5, 14], "texture": "#0"},
				"east": {"uv": [7, 12, 10, 13], "texture": "#0"},
				"south": {"uv": [13, 4, 14, 5], "texture": "#0"},
				"west": {"uv": [12, 7, 15, 8], "texture": "#0"},
				"up": {"uv": [13, 11, 12, 8], "texture": "#0"},
				"down": {"uv": [11, 12, 10, 15], "texture": "#0"}
			}
		},
		{
			"from": [3, 0, 5],
			"to": [4, 1, 8],
			"rotation": {"angle": -22.5, "axis": "y", "origin": [3.5, 0.5, 6.5]},
			"faces": {
				"north": {"uv": [5, 13, 6, 14], "texture": "#0"},
				"east": {"uv": [11, 12, 14, 13], "texture": "#0"},
				"south": {"uv": [13, 5, 14, 6], "texture": "#0"},
				"west": {"uv": [12, 11, 15, 12], "texture": "#0"},
				"up": {"uv": [1, 16, 0, 13], "texture": "#0"},
				"down": {"uv": [2, 13, 1, 16], "texture": "#0"}
			}
		},
		{
			"from": [12, 0, 9.6],
			"to": [13, 1, 12.6],
			"rotation": {"angle": -22.5, "axis": "y", "origin": [12.5, 0.5, 11.1]},
			"faces": {
				"north": {"uv": [2, 13, 3, 14], "texture": "#0"},
				"east": {"uv": [0, 12, 3, 13], "texture": "#0"},
				"south": {"uv": [3, 13, 4, 14], "texture": "#0"},
				"west": {"uv": [3, 12, 6, 13], "texture": "#0"},
				"up": {"uv": [13, 7, 12, 4], "texture": "#0"},
				"down": {"uv": [7, 12, 6, 15], "texture": "#0"}
			}
		}
	],
	"display": {
		"thirdperson_righthand": {
			"translation": [0, 7.5, 0]
		},
		"ground": {
			"translation": [0, 3.25, 0]
		},
		"gui": {
			"rotation": [-169.01, 15.32, 178.12],
			"translation": [-1, 10.75, 0],
			"scale": [2, 2, 2]
		},
		"fixed": {
			"rotation": [-90, 0, 0],
			"translation": [0, -1.25, -16],
			"scale": [2, 2, 2]
		}
	}
}