{
	"credit": "Made with Blockbench",
	"texture_size": [32, 32],
	"textures": {
		"0": "item/asmondgold",
		"particle": "item/asmondgold"
	},
	"elements": [
		{
			"from": [8, 0, 3],
			"to": [12, 7, 7],
			"rotation": {"angle": 22.5, "axis": "y", "origin": [10, 0, 3]},
			"faces": {
				"north": {"uv": [2, 4, 4, 7.5], "texture": "#0"},
				"east": {"uv": [4, 4, 6, 7.5], "texture": "#0"},
				"south": {"uv": [6, 0, 8, 3.5], "texture": "#0"},
				"west": {"uv": [6, 3.5, 8, 7], "texture": "#0"},
				"up": {"uv": [12.5, 4.5, 10.5, 2.5], "texture": "#0"},
				"down": {"uv": [12.5, 4.5, 10.5, 6.5], "texture": "#0"}
			}
		},
		{
			"from": [7.5, 7, 2.5],
			"to": [12.5, 8, 7.5],
			"rotation": {"angle": 22.5, "axis": "y", "origin": [10, 0, 3]},
			"faces": {
				"north": {"uv": [13, 2, 15.5, 2.5], "texture": "#0"},
				"east": {"uv": [13, 12.5, 15.5, 13], "texture": "#0"},
				"south": {"uv": [13, 13, 15.5, 13.5], "texture": "#0"},
				"west": {"uv": [13.5, 2.5, 16, 3], "texture": "#0"},
				"up": {"uv": [10.5, 2.5, 8, 0], "texture": "#0"},
				"down": {"uv": [10.5, 2.5, 8, 5], "texture": "#0"}
			}
		},
		{
			"from": [9.5, 8, 5],
			"to": [10.5, 12, 5],
			"rotation": {"angle": 22.5, "axis": "y", "origin": [10, 0, 3]},
			"faces": {
				"north": {"uv": [0, 13.5, 0.5, 15.5], "texture": "#0"},
				"east": {"uv": [0, 0, 0, 2], "texture": "#0"},
				"south": {"uv": [0.5, 13.5, 1, 15.5], "texture": "#0"},
				"west": {"uv": [0, 0, 0, 2], "texture": "#0"},
				"up": {"uv": [0.5, 0, 0, 0], "texture": "#0"},
				"down": {"uv": [0.5, 0, 0, 0], "texture": "#0"}
			}
		},
		{
			"from": [7, 0, 8],
			"to": [11, 8, 12],
			"rotation": {"angle": -22.5, "axis": "y", "origin": [7, 0, 10]},
			"faces": {
				"north": {"uv": [0, 0, 2, 4], "texture": "#0"},
				"east": {"uv": [2, 0, 4, 4], "texture": "#0"},
				"south": {"uv": [0, 4, 2, 8], "texture": "#0"},
				"west": {"uv": [4, 0, 6, 4], "texture": "#0"},
				"up": {"uv": [8, 12.5, 6, 10.5], "texture": "#0"},
				"down": {"uv": [12.5, 6.5, 10.5, 8.5], "texture": "#0"}
			}
		},
		{
			"from": [9, 9, 9.5],
			"to": [9, 13, 10.5],
			"rotation": {"angle": -22.5, "axis": "y", "origin": [7, 0, 10]},
			"faces": {
				"north": {"uv": [0, 0, 0, 2], "texture": "#0"},
				"east": {"uv": [1, 13.5, 1.5, 15.5], "texture": "#0"},
				"south": {"uv": [0, 0, 0, 2], "texture": "#0"},
				"west": {"uv": [1.5, 13.5, 2, 15.5], "texture": "#0"},
				"up": {"uv": [0, 0.5, 0, 0], "texture": "#0"},
				"down": {"uv": [0, 0, 0, 0.5], "texture": "#0"}
			}
		},
		{
			"from": [6.5, 8, 7.5],
			"to": [11.5, 9, 12.5],
			"rotation": {"angle": -22.5, "axis": "y", "origin": [7, 0, 10]},
			"faces": {
				"north": {"uv": [13.5, 3, 16, 3.5], "texture": "#0"},
				"east": {"uv": [13.5, 3.5, 16, 4], "texture": "#0"},
				"south": {"uv": [13.5, 4, 16, 4.5], "texture": "#0"},
				"west": {"uv": [13.5, 4.5, 16, 5], "texture": "#0"},
				"up": {"uv": [10.5, 7.5, 8, 5], "texture": "#0"},
				"down": {"uv": [10.5, 7.5, 8, 10], "texture": "#0"}
			}
		},
		{
			"from": [1.5, 7, 5.5],
			"to": [6.5, 8, 10.5],
			"rotation": {"angle": 45, "axis": "y", "origin": [2, 0, 8]},
			"faces": {
				"north": {"uv": [13.5, 5, 16, 5.5], "texture": "#0"},
				"east": {"uv": [13.5, 5.5, 16, 6], "texture": "#0"},
				"south": {"uv": [13.5, 6, 16, 6.5], "texture": "#0"},
				"west": {"uv": [13.5, 6.5, 16, 7], "texture": "#0"},
				"up": {"uv": [10.5, 12.5, 8, 10], "texture": "#0"},
				"down": {"uv": [13, 0, 10.5, 2.5], "texture": "#0"}
			}
		},
		{
			"from": [2, 0, 6],
			"to": [6, 7, 10],
			"rotation": {"angle": 45, "axis": "y", "origin": [2, 0, 8]},
			"faces": {
				"north": {"uv": [6, 7, 8, 10.5], "texture": "#0"},
				"east": {"uv": [2, 7.5, 4, 11], "texture": "#0"},
				"south": {"uv": [4, 7.5, 6, 11], "texture": "#0"},
				"west": {"uv": [0, 8, 2, 11.5], "texture": "#0"},
				"up": {"uv": [12.5, 10.5, 10.5, 8.5], "texture": "#0"},
				"down": {"uv": [12.5, 10.5, 10.5, 12.5], "texture": "#0"}
			}
		},
		{
			"from": [3.5, 8, 8],
			"to": [4.5, 12, 8],
			"rotation": {"angle": 45, "axis": "y", "origin": [2, 0, 8]},
			"faces": {
				"north": {"uv": [13.5, 7, 14, 9], "texture": "#0"},
				"east": {"uv": [0, 0, 0, 2], "texture": "#0"},
				"south": {"uv": [13.5, 9, 14, 11], "texture": "#0"},
				"west": {"uv": [0, 0, 0, 2], "texture": "#0"},
				"up": {"uv": [0.5, 0, 0, 0], "texture": "#0"},
				"down": {"uv": [0.5, 0, 0, 0], "texture": "#0"}
			}
		},
		{
			"from": [5, 0, 1],
			"to": [7, 4, 3],
			"rotation": {"angle": 22.5, "axis": "y", "origin": [7, 2, 4]},
			"faces": {
				"north": {"uv": [0, 11.5, 1, 13.5], "texture": "#0"},
				"east": {"uv": [1, 11.5, 2, 13.5], "texture": "#0"},
				"south": {"uv": [12.5, 2.5, 13.5, 4.5], "texture": "#0"},
				"west": {"uv": [12.5, 4.5, 13.5, 6.5], "texture": "#0"},
				"up": {"uv": [12, 14.5, 11, 13.5], "texture": "#0"},
				"down": {"uv": [14.5, 11, 13.5, 12], "texture": "#0"}
			}
		},
		{
			"from": [8, 0, 11],
			"to": [10, 4, 13],
			"rotation": {"angle": 45, "axis": "y", "origin": [7, 2, 4]},
			"faces": {
				"north": {"uv": [6, 12.5, 7, 14.5], "texture": "#0"},
				"east": {"uv": [12.5, 6.5, 13.5, 8.5], "texture": "#0"},
				"south": {"uv": [7, 12.5, 8, 14.5], "texture": "#0"},
				"west": {"uv": [8, 12.5, 9, 14.5], "texture": "#0"},
				"up": {"uv": [13, 14.5, 12, 13.5], "texture": "#0"},
				"down": {"uv": [14, 13.5, 13, 14.5], "texture": "#0"}
			}
		},
		{
			"from": [4.8, 0, 5],
			"to": [6.8, 4, 7],
			"rotation": {"angle": 45, "axis": "y", "origin": [7, 2, 4]},
			"faces": {
				"north": {"uv": [12.5, 8.5, 13.5, 10.5], "texture": "#0"},
				"east": {"uv": [9, 12.5, 10, 14.5], "texture": "#0"},
				"south": {"uv": [10, 12.5, 11, 14.5], "texture": "#0"},
				"west": {"uv": [12.5, 10.5, 13.5, 12.5], "texture": "#0"},
				"up": {"uv": [3, 15, 2, 14], "texture": "#0"},
				"down": {"uv": [4, 14, 3, 15], "texture": "#0"}
			}
		},
		{
			"from": [3, 0, 13.37433],
			"to": [7, 2, 15.37433],
			"rotation": {"angle": 0, "axis": "z", "origin": [5, 2, 12]},
			"faces": {
				"north": {"uv": [11, 12.5, 13, 13.5], "texture": "#0"},
				"east": {"uv": [4, 14, 5, 15], "texture": "#0"},
				"south": {"uv": [13, 0, 15, 1], "texture": "#0"},
				"west": {"uv": [5, 14, 6, 15], "texture": "#0"},
				"up": {"uv": [15, 2, 13, 1], "texture": "#0"},
				"down": {"uv": [4, 13, 2, 14], "texture": "#0"}
			}
		},
		{
			"from": [2, 0, 9.37433],
			"to": [4, 4, 11.37433],
			"rotation": {"angle": 22.5, "axis": "y", "origin": [5, 2, 12]},
			"faces": {
				"north": {"uv": [2, 11, 3, 13], "texture": "#0"},
				"east": {"uv": [3, 11, 4, 13], "texture": "#0"},
				"south": {"uv": [4, 11, 5, 13], "texture": "#0"},
				"west": {"uv": [5, 11, 6, 13], "texture": "#0"},
				"up": {"uv": [5, 14, 4, 13], "texture": "#0"},
				"down": {"uv": [6, 13, 5, 14], "texture": "#0"}
			}
		},
		{
			"from": [-4, 0, 12],
			"to": [-1, 0, 15],
			"rotation": {"angle": 22.5, "axis": "y", "origin": [0, 0, 0]},
			"faces": {
				"north": {"uv": [0, 0, 1.5, 0], "texture": "#0"},
				"east": {"uv": [0, 0, 1.5, 0], "texture": "#0"},
				"south": {"uv": [0, 0, 1.5, 0], "texture": "#0"},
				"west": {"uv": [0, 0, 1.5, 0], "texture": "#0"},
				"up": {"uv": [14, 7, 15.5, 8.5], "texture": "#0"},
				"down": {"uv": [0, 0, 1.5, 1.5], "texture": "#0"}
			}
		},
		{
			"from": [7.25345, 0, 5.83519],
			"to": [10.25345, 0, 8.83519],
			"rotation": {"angle": 45, "axis": "y", "origin": [9, 0, 8]},
			"faces": {
				"north": {"uv": [0, 0, 1.5, 0], "texture": "#0"},
				"east": {"uv": [0, 0, 1.5, 0], "texture": "#0"},
				"south": {"uv": [0, 0, 1.5, 0], "texture": "#0"},
				"west": {"uv": [0, 0, 1.5, 0], "texture": "#0"},
				"up": {"uv": [14, 7, 15.5, 8.5], "rotation": 180, "texture": "#0"},
				"down": {"uv": [0, 0, 1.5, 1.5], "rotation": 180, "texture": "#0"}
			}
		},
		{
			"from": [1, 0, 5],
			"to": [4, 0, 8],
			"rotation": {"angle": 45, "axis": "y", "origin": [0, 0, 0]},
			"faces": {
				"north": {"uv": [0, 0, 1.5, 0], "texture": "#0"},
				"east": {"uv": [0, 0, 1.5, 0], "texture": "#0"},
				"south": {"uv": [0, 0, 1.5, 0], "texture": "#0"},
				"west": {"uv": [0, 0, 1.5, 0], "texture": "#0"},
				"up": {"uv": [14, 8.5, 15.5, 10], "texture": "#0"},
				"down": {"uv": [0, 0, 1.5, 1.5], "texture": "#0"}
			}
		}
	],
	"display": {
		"thirdperson_righthand": {
			"rotation": [70, 0, 0],
			"translation": [0, 2, 3.25],
			"scale": [0.5, 0.5, 0.5]
		},
		"thirdperson_lefthand": {
			"rotation": [70, 0, 0],
			"translation": [0, 2, 3.25],
			"scale": [0.5, 0.5, 0.5]
		},
		"firstperson_righthand": {
			"translation": [0, 5.25, 0]
		},
		"firstperson_lefthand": {
			"translation": [0, 5.25, 0]
		},
		"ground": {
			"translation": [0, 4.25, 0]
		},
		"head": {
			"translation": [0, 14.5, 0]
		},
		"fixed": {
			"rotation": [-90, 0, 0],
			"translation": [0, 0, -16.01],
			"scale": [2, 2, 2]
		}
	}
}