{
	"credit": "Made with Blockbench",
	"texture_size": [32, 32],
	"textures": {
		"0": "item/cans",
		"particle": "item/cans"
	},
	"elements": [
		{
			"from": [6, 0, 12],
			"to": [8, 4, 14],
			"rotation": {"angle": 22.5, "axis": "y", "origin": [5, 2, 13]},
			"faces": {
				"north": {"uv": [5, 4, 6, 6], "texture": "#0"},
				"east": {"uv": [0, 6, 1, 8], "texture": "#0"},
				"south": {"uv": [1, 6, 2, 8], "texture": "#0"},
				"west": {"uv": [2, 6, 3, 8], "texture": "#0"},
				"up": {"uv": [8, 6, 7, 5], "texture": "#0"},
				"down": {"uv": [8, 6, 7, 7], "texture": "#0"}
			}
		},
		{
			"from": [3, 0, 3],
			"to": [5, 4, 5],
			"rotation": {"angle": -45, "axis": "y", "origin": [5, 2, 13]},
			"faces": {
				"north": {"uv": [2, 4, 3, 6], "texture": "#0"},
				"east": {"uv": [4, 2, 5, 4], "texture": "#0"},
				"south": {"uv": [4, 4, 5, 6], "texture": "#0"},
				"west": {"uv": [3, 4.5, 4, 6.5], "texture": "#0"},
				"up": {"uv": [8, 2, 7, 1], "texture": "#0"},
				"down": {"uv": [8, 2, 7, 3], "texture": "#0"}
			}
		},
		{
			"from": [8, 0, 7],
			"to": [10, 4, 9],
			"rotation": {"angle": 0, "axis": "y", "origin": [5, 2, 13]},
			"faces": {
				"north": {"uv": [4, 6, 5, 8], "texture": "#0"},
				"east": {"uv": [6, 4, 7, 6], "texture": "#0"},
				"south": {"uv": [5, 6, 6, 8], "texture": "#0"},
				"west": {"uv": [6, 6, 7, 8], "texture": "#0"},
				"up": {"uv": [8, 8, 7, 7], "texture": "#0"},
				"down": {"uv": [4, 7.5, 3, 8.5], "texture": "#0"}
			}
		},
		{
			"from": [0, 0, 5],
			"to": [4, 2, 7],
			"rotation": {"angle": -22.5, "axis": "y", "origin": [5, 2, 13]},
			"faces": {
				"north": {"uv": [5, 0, 7, 1], "texture": "#0"},
				"east": {"uv": [7, 3, 8, 4], "texture": "#0"},
				"south": {"uv": [5, 1, 7, 2], "texture": "#0"},
				"west": {"uv": [7, 4, 8, 5], "texture": "#0"},
				"up": {"uv": [7, 3, 5, 2], "texture": "#0"},
				"down": {"uv": [7, 3, 5, 4], "texture": "#0"}
			}
		},
		{
			"from": [9, 0, 6],
			"to": [11, 4, 8],
			"rotation": {"angle": -22.5, "axis": "y", "origin": [5, 2, 13]},
			"faces": {
				"north": {"uv": [3, 2.5, 4, 4.5], "texture": "#0"},
				"east": {"uv": [0, 4, 1, 6], "texture": "#0"},
				"south": {"uv": [4, 0, 5, 2], "texture": "#0"},
				"west": {"uv": [1, 4, 2, 6], "texture": "#0"},
				"up": {"uv": [4, 7.5, 3, 6.5], "texture": "#0"},
				"down": {"uv": [8, 0, 7, 1], "texture": "#0"}
			}
		},
		{
			"from": [-1, 0, 4],
			"to": [2, 0, 7],
			"rotation": {"angle": 22.5, "axis": "y", "origin": [0, 0, 0]},
			"faces": {
				"north": {"uv": [0, 0, 1.5, 0], "texture": "#0"},
				"east": {"uv": [0, 0, 1.5, 0], "texture": "#0"},
				"south": {"uv": [0, 0, 1.5, 0], "texture": "#0"},
				"west": {"uv": [0, 0, 1.5, 0], "texture": "#0"},
				"up": {"uv": [1.5, 4, 0, 2.5], "texture": "#0"},
				"down": {"uv": [3, 2.5, 1.5, 4], "texture": "#0"}
			}
		},
		{
			"from": [10.6, 0, -2.9],
			"to": [14.6, 0, 2.1],
			"rotation": {"angle": -22.5, "axis": "y", "origin": [0, 0, 0]},
			"faces": {
				"north": {"uv": [0, 0, 2, 0], "texture": "#0"},
				"east": {"uv": [0, 0, 2.5, 0], "texture": "#0"},
				"south": {"uv": [0, 0, 2, 0], "texture": "#0"},
				"west": {"uv": [0, 0, 2.5, 0], "texture": "#0"},
				"up": {"uv": [2, 2.5, 0, 0], "texture": "#0"},
				"down": {"uv": [4, 0, 2, 2.5], "texture": "#0"}
			}
		}
	],
	"display": {
		"fixed": {
			"rotation": [-90, 0, 0],
			"translation": [0, 0, -16.01],
			"scale": [2, 2, 2]
		}
	}
}