{
	"credit": "Made with Blockbench",
	"textures": {
		"1": "custom/models/cokc2"
	},
	"elements": [
		{
			"from": [6.5, 8, 6],
			"to": [9.5, 9, 10],
			"rotation": {"angle": 0, "axis": "y", "origin": [8, 8.5, 8]},
			"faces": {
				"north": {"uv": [8, 8, 11, 9], "texture": "#1"},
				"east": {"uv": [0, 8, 4, 9], "texture": "#1"},
				"south": {"uv": [0, 9, 3, 10], "texture": "#1"},
				"west": {"uv": [4, 8, 8, 9], "texture": "#1"},
				"up": {"uv": [10, 4, 7, 0], "texture": "#1"},
				"down": {"uv": [10, 4, 7, 8], "texture": "#1"}
			}
		},
		{
			"from": [4.5, 8, 6],
			"to": [11.5, 8, 10],
			"rotation": {"angle": 0, "axis": "y", "origin": [8, 8.5, 8]},
			"faces": {
				"north": {"uv": [0, 0, 7, 0], "texture": "#1"},
				"east": {"uv": [0, 0, 4, 0], "texture": "#1"},
				"south": {"uv": [0, 0, 7, 0], "texture": "#1"},
				"west": {"uv": [0, 0, 4, 0], "texture": "#1"},
				"up": {"uv": [7, 4, 0, 0], "texture": "#1"},
				"down": {"uv": [7, 4, 0, 8], "texture": "#1"}
			}
		}
	],
	"display": {}
}