{
	"credit": "Made with Blockbench",
	"textures": {
		"0": "item/flashlight_lit",
		"1": "item/flashlight_light"
	},
	"elements": [
		{
			"from": [7, 0, 6],
			"to": [9, 2, 11],
			"rotation": {"angle": 0, "axis": "y", "origin": [7, 0, 7]},
			"faces": {
				"north": {"uv": [0, 9, 2, 11], "texture": "#0"},
				"east": {"uv": [0, 0, 5, 2], "texture": "#0"},
				"south": {"uv": [2, 9, 4, 11], "texture": "#0"},
				"west": {"uv": [0, 2, 5, 4], "texture": "#0"},
				"up": {"uv": [2, 9, 0, 4], "texture": "#0"},
				"down": {"uv": [4, 4, 2, 9], "texture": "#0"}
			}
		},
		{
			"from": [6.5, -0.5, 3],
			"to": [9.5, 2.5, 6],
			"rotation": {"angle": 0, "axis": "y", "origin": [7.5, -0.5, 3]},
			"faces": {
				"north": {"uv": [4, 4, 7, 7], "texture": "#0"},
				"east": {"uv": [5, 0, 8, 3], "texture": "#0"},
				"south": {"uv": [7, 3, 10, 6], "texture": "#0"},
				"west": {"uv": [4, 7, 7, 10], "texture": "#0"},
				"up": {"uv": [10, 9, 7, 6], "texture": "#0"},
				"down": {"uv": [11, 0, 8, 3], "texture": "#0"}
			}
		},
		{
			"from": [8, 2.1, 7],
			"to": [9, 2.1, 8],
			"rotation": {"angle": 0, "axis": "y", "origin": [7, 0.1, 6]},
			"faces": {
				"north": {"uv": [0, 0, 1, 0], "texture": "#0"},
				"east": {"uv": [0, 0, 1, 0], "texture": "#0"},
				"south": {"uv": [0, 0, 1, 0], "texture": "#0"},
				"west": {"uv": [0, 0, 1, 0], "texture": "#0"},
				"up": {"uv": [6, 4, 5, 3], "texture": "#0"},
				"down": {"uv": [7, 3, 6, 4], "texture": "#0"}
			}
		},
		{
			"from": [6.5, -0.5, 2.99],
			"to": [9.5, 2.5, 2.99],
			"light_emission": 15,
			"rotation": {"angle": 0, "axis": "y", "origin": [6.5, -0.5, 0.9]},
			"faces": {
				"north": {"uv": [0, 0, 3, 3], "texture": "#1"},
				"east": {"uv": [0, 0, 0, 3], "texture": "#1"},
				"south": {"uv": [0, 3, 3, 6], "texture": "#1"},
				"west": {"uv": [0, 0, 0, 3], "texture": "#1"},
				"up": {"uv": [3, 0, 0, 0], "texture": "#1"},
				"down": {"uv": [3, 0, 0, 0], "texture": "#1"}
			}
		}
	],
	"display": {
		"thirdperson_righthand": {
			"rotation": [90, 0, 0],
			"translation": [0, -1.25, 6.75]
		},
		"thirdperson_lefthand": {
			"rotation": [90, 0, 0],
			"translation": [0, -1.25, 6.75]
		},
		"firstperson_righthand": {
			"rotation": [-2.87, 7.1, 3.02],
			"translation": [-1.75, 10.75, 1],
			"scale": [1.4, 1.4, 1.4]
		},
		"firstperson_lefthand": {
			"rotation": [-2.87, 7.1, 3.02],
			"translation": [-1.75, 10.75, 1],
			"scale": [1.4, 1.4, 1.4]
		},
		"ground": {
			"translation": [0, 5.25, 0]
		},
		"gui": {
			"rotation": [125, 25, -145],
			"translation": [7, 6, 0],
			"scale": [1.7, 1.7, 1.7]
		},
		"head": {
			"rotation": [5.5, 0, 0],
			"translation": [0, 18.75, 0],
			"scale": [1.5, 1.5, 1.5]
		},
		"fixed": {
			"rotation": [90, -45, -180],
			"translation": [-0.75, -0.5, -11.25],
			"scale": [1.4, 1.4, 1.4]
		}
	},
	"groups": [
		{
			"name": "flashlight",
			"origin": [7, 0.3, 6],
			"color": 0,
			"children": [0, 1, 2, 3]
		}
	]
}