{
	"credit": "Made with Blockbench",
	"texture_size": [64, 64],
	"textures": {
		"0": "custom/models/gate",
		"particle": "custom/models/gate"
	},
	"elements": [
		{
			"from": [26.5, 7, 6.5],
			"to": [28.5, 24.5, 9.5],
			"rotation": {"angle": 0, "axis": "y", "origin": [25.5, 6, 8.5]},
			"faces": {
				"north": {"uv": [1.5, 0, 2, 4.375], "texture": "#0"},
				"east": {"uv": [0, 0, 0.75, 4.375], "texture": "#0"},
				"south": {"uv": [2, 0, 2.5, 4.375], "texture": "#0"},
				"west": {"uv": [0.75, 0, 1.5, 4.375], "texture": "#0"},
				"up": {"uv": [6.5, 4.75, 6, 4], "texture": "#0"},
				"down": {"uv": [6.5, 4.75, 6, 5.5], "texture": "#0"}
			}
		},
		{
			"from": [7.5, 8.5, 7.5],
			"to": [26.5, 9.5, 8.5],
			"rotation": {"angle": 0, "axis": "y", "origin": [9.5, 6, 8.5]},
			"faces": {
				"north": {"uv": [2.5, 0, 7.25, 0.25], "texture": "#0"},
				"east": {"uv": [5, 6.25, 5.25, 6.5], "texture": "#0"},
				"south": {"uv": [2.5, 0.25, 7.25, 0.5], "texture": "#0"},
				"west": {"uv": [6.5, 4, 6.75, 4.25], "texture": "#0"},
				"up": {"uv": [7.25, 0.75, 2.5, 0.5], "texture": "#0"},
				"down": {"uv": [7.25, 0.75, 2.5, 1], "texture": "#0"}
			}
		},
		{
			"from": [12, 9.5, 7.6],
			"to": [13, 20.5, 8.4],
			"rotation": {"angle": 0, "axis": "y", "origin": [0, 10, 8.5]},
			"faces": {
				"north": {"uv": [0, 4.5, 0.25, 7.25], "texture": "#0"},
				"east": {"uv": [3, 5.25, 3.1875, 8], "texture": "#0"},
				"south": {"uv": [0.25, 4.5, 0.5, 7.25], "texture": "#0"},
				"west": {"uv": [5.25, 3, 5.4375, 5.75], "texture": "#0"},
				"up": {"uv": [6.75, 5.9375, 6.5, 5.75], "texture": "#0"},
				"down": {"uv": [6.25, 6.5, 6, 6.6875], "texture": "#0"}
			}
		},
		{
			"from": [10, 9.5, 7.6],
			"to": [11, 20.5, 8.4],
			"rotation": {"angle": 0, "axis": "y", "origin": [-2, 10, 8.5]},
			"faces": {
				"north": {"uv": [0.5, 4.5, 0.75, 7.25], "texture": "#0"},
				"east": {"uv": [3.25, 5.25, 3.4375, 8], "texture": "#0"},
				"south": {"uv": [0.75, 4.5, 1, 7.25], "texture": "#0"},
				"west": {"uv": [2.5, 5.5, 2.6875, 8.25], "texture": "#0"},
				"up": {"uv": [6.75, 6.1875, 6.5, 6], "texture": "#0"},
				"down": {"uv": [6.5, 6.5, 6.25, 6.6875], "texture": "#0"}
			}
		},
		{
			"from": [8, 9.5, 7.6],
			"to": [9, 20.5, 8.4],
			"rotation": {"angle": 0, "axis": "y", "origin": [-4, 10, 8.5]},
			"faces": {
				"north": {"uv": [1, 4.5, 1.25, 7.25], "texture": "#0"},
				"east": {"uv": [2.75, 5.5, 2.9375, 8.25], "texture": "#0"},
				"south": {"uv": [1.25, 4.5, 1.5, 7.25], "texture": "#0"},
				"west": {"uv": [5.5, 3, 5.6875, 5.75], "texture": "#0"},
				"up": {"uv": [6.75, 6.4375, 6.5, 6.25], "texture": "#0"},
				"down": {"uv": [6.75, 6.5, 6.5, 6.6875], "texture": "#0"}
			}
		},
		{
			"from": [14, 9.5, 7.6],
			"to": [15, 20.5, 8.4],
			"rotation": {"angle": 0, "axis": "y", "origin": [2, 10, 8.5]},
			"faces": {
				"north": {"uv": [1.5, 4.5, 1.75, 7.25], "texture": "#0"},
				"east": {"uv": [5.75, 3, 5.9375, 5.75], "texture": "#0"},
				"south": {"uv": [1.75, 4.5, 2, 7.25], "texture": "#0"},
				"west": {"uv": [5.25, 5.75, 5.4375, 8.5], "texture": "#0"},
				"up": {"uv": [7, 4.1875, 6.75, 4], "texture": "#0"},
				"down": {"uv": [7, 4.25, 6.75, 4.4375], "texture": "#0"}
			}
		},
		{
			"from": [16, 9.5, 7.6],
			"to": [17, 20.5, 8.4],
			"rotation": {"angle": 0, "axis": "y", "origin": [4, 10, 8.5]},
			"faces": {
				"north": {"uv": [2, 4.5, 2.25, 7.25], "texture": "#0"},
				"east": {"uv": [5.5, 5.75, 5.6875, 8.5], "texture": "#0"},
				"south": {"uv": [4.5, 2, 4.75, 4.75], "texture": "#0"},
				"west": {"uv": [5.75, 5.75, 5.9375, 8.5], "texture": "#0"},
				"up": {"uv": [7, 4.6875, 6.75, 4.5], "texture": "#0"},
				"down": {"uv": [5, 6.75, 4.75, 6.9375], "texture": "#0"}
			}
		},
		{
			"from": [18, 9.5, 7.6],
			"to": [19, 20.5, 8.4],
			"rotation": {"angle": 0, "axis": "y", "origin": [6, 10, 8.5]},
			"faces": {
				"north": {"uv": [3.5, 2, 3.75, 5], "texture": "#0"},
				"east": {"uv": [3.5, 5, 3.6875, 8], "texture": "#0"},
				"south": {"uv": [3.75, 2, 4, 5], "texture": "#0"},
				"west": {"uv": [3.75, 5, 3.9375, 8], "texture": "#0"},
				"up": {"uv": [7, 4.9375, 6.75, 4.75], "texture": "#0"},
				"down": {"uv": [5.25, 6.75, 5, 6.9375], "texture": "#0"}
			}
		},
		{
			"from": [20, 9.5, 7.6],
			"to": [21, 21.5, 8.4],
			"rotation": {"angle": 0, "axis": "y", "origin": [8, 10, 8.5]},
			"faces": {
				"north": {"uv": [4, 2, 4.25, 5], "texture": "#0"},
				"east": {"uv": [4, 5, 4.1875, 8], "texture": "#0"},
				"south": {"uv": [4.25, 2, 4.5, 5], "texture": "#0"},
				"west": {"uv": [4.25, 5, 4.4375, 8], "texture": "#0"},
				"up": {"uv": [7, 5.1875, 6.75, 5], "texture": "#0"},
				"down": {"uv": [7, 5.25, 6.75, 5.4375], "texture": "#0"}
			}
		},
		{
			"from": [22, 9.5, 7.6],
			"to": [23, 22.5, 8.4],
			"rotation": {"angle": 0, "axis": "y", "origin": [10, 10, 8.5]},
			"faces": {
				"north": {"uv": [3, 2, 3.25, 5.25], "texture": "#0"},
				"east": {"uv": [4.5, 4.75, 4.6875, 8], "texture": "#0"},
				"south": {"uv": [3.25, 2, 3.5, 5.25], "texture": "#0"},
				"west": {"uv": [5, 3, 5.1875, 6.25], "texture": "#0"},
				"up": {"uv": [7, 5.6875, 6.75, 5.5], "texture": "#0"},
				"down": {"uv": [7, 5.75, 6.75, 5.9375], "texture": "#0"}
			}
		},
		{
			"from": [24, 9.5, 7.6],
			"to": [25, 23.5, 8.4],
			"rotation": {"angle": 0, "axis": "y", "origin": [12, 10, 8.5]},
			"faces": {
				"north": {"uv": [2.5, 2, 2.75, 5.5], "texture": "#0"},
				"east": {"uv": [2.25, 4.5, 2.4375, 8], "texture": "#0"},
				"south": {"uv": [2.75, 2, 3, 5.5], "texture": "#0"},
				"west": {"uv": [4.75, 3, 4.9375, 6.5], "texture": "#0"},
				"up": {"uv": [6.25, 6.9375, 6, 6.75], "texture": "#0"},
				"down": {"uv": [7, 6, 6.75, 6.1875], "texture": "#0"}
			}
		},
		{
			"from": [7.5, 10.5, 7.5],
			"to": [26.5, 11.5, 8.5],
			"rotation": {"angle": 0, "axis": "y", "origin": [9.5, 8, 8.5]},
			"faces": {
				"north": {"uv": [2.5, 1, 7.25, 1.25], "texture": "#0"},
				"east": {"uv": [6.5, 4.25, 6.75, 4.5], "texture": "#0"},
				"south": {"uv": [2.5, 1.25, 7.25, 1.5], "texture": "#0"},
				"west": {"uv": [6.5, 4.5, 6.75, 4.75], "texture": "#0"},
				"up": {"uv": [7.25, 1.75, 2.5, 1.5], "texture": "#0"},
				"down": {"uv": [7.25, 1.75, 2.5, 2], "texture": "#0"}
			}
		},
		{
			"from": [7.5, 20.5, 7.5],
			"to": [19, 21.5, 8.5],
			"rotation": {"angle": 0, "axis": "y", "origin": [10.5, 21, 8]},
			"faces": {
				"north": {"uv": [4.75, 2, 7.5, 2.25], "texture": "#0"},
				"east": {"uv": [4.75, 6.5, 5, 6.75], "texture": "#0"},
				"south": {"uv": [4.75, 2.25, 7.5, 2.5], "texture": "#0"},
				"west": {"uv": [6.5, 4.75, 6.75, 5], "texture": "#0"},
				"up": {"uv": [7.5, 2.75, 4.75, 2.5], "texture": "#0"},
				"down": {"uv": [7.5, 2.75, 4.75, 3], "texture": "#0"}
			}
		},
		{
			"from": [25.5, 23.5, 7.5],
			"to": [27.5, 24.5, 8.5],
			"rotation": {"angle": 0, "axis": "y", "origin": [22.5, 24, 8]},
			"faces": {
				"north": {"uv": [6, 5.5, 6.5, 5.75], "texture": "#0"},
				"east": {"uv": [5, 6.5, 5.25, 6.75], "texture": "#0"},
				"south": {"uv": [6, 5.75, 6.5, 6], "texture": "#0"},
				"west": {"uv": [6.5, 5, 6.75, 5.25], "texture": "#0"},
				"up": {"uv": [6.5, 6.25, 6, 6], "texture": "#0"},
				"down": {"uv": [6.5, 6.25, 6, 6.5], "texture": "#0"}
			}
		},
		{
			"from": [18.375, 20.5, 7.525],
			"to": [26.375, 21.5, 8.475],
			"rotation": {"angle": 22.5, "axis": "z", "origin": [18.5, 21, 8]},
			"faces": {
				"north": {"uv": [6, 3, 8.0625, 3.25], "texture": "#0"},
				"east": {"uv": [6.5, 5.25, 6.75, 5.5], "texture": "#0"},
				"south": {"uv": [6, 3.25, 8.0625, 3.5], "texture": "#0"},
				"west": {"uv": [6.5, 5.5, 6.75, 5.75], "texture": "#0"},
				"up": {"uv": [8.0625, 3.75, 6, 3.5], "texture": "#0"},
				"down": {"uv": [8.0625, 3.75, 6, 4], "texture": "#0"}
			}
		}
	],
	"groups": [
		{
			"name": "group",
			"origin": [8, 8, 8],
			"color": 0,
			"nbt": "{}",
			"children": [0, 1, 2, 3, 4, 5, 6, 7, 8, 9, 10, 11, 12, 13, 14]
		}
	]
}