{
	"credit": "Made with Blockbench",
	"textures": {
		"0": "item/hand_camera",
		"particle": "item/hand_camera"
	},
	"elements": [
		{
			"from": [7, 0, 5],
			"to": [9, 3, 11],
			"rotation": {"angle": 0, "axis": "y", "origin": [7, 0, 5]},
			"faces": {
				"north": {"uv": [8, 0, 10, 3], "texture": "#0"},
				"east": {"uv": [0, 0, 6, 3], "texture": "#0"},
				"south": {"uv": [2, 8, 4, 11], "texture": "#0"},
				"west": {"uv": [0, 3, 6, 6], "texture": "#0"},
				"up": {"uv": [2, 12, 0, 6], "texture": "#0"},
				"down": {"uv": [8, 0, 6, 6], "texture": "#0"}
			}
		},
		{
			"from": [7, 3.3, 6],
			"to": [8, 3.3, 11],
			"rotation": {"angle": 0, "axis": "y", "origin": [7, 3.3, 5]},
			"faces": {
				"north": {"uv": [0, 0, 1, 0], "texture": "#0"},
				"east": {"uv": [0, 0, 5, 0], "texture": "#0"},
				"south": {"uv": [0, 0, 1, 0], "texture": "#0"},
				"west": {"uv": [0, 0, 5, 0], "texture": "#0"},
				"up": {"uv": [5, 13, 4, 8], "texture": "#0"},
				"down": {"uv": [6, 8, 5, 13], "texture": "#0"}
			}
		},
		{
			"from": [3, 0, 6],
			"to": [7, 2, 6],
			"rotation": {"angle": 0, "axis": "y", "origin": [7, 0, 5]},
			"faces": {
				"north": {"uv": [2, 6, 6, 8], "texture": "#0"},
				"east": {"uv": [0, 0, 0, 2], "texture": "#0"},
				"south": {"uv": [6, 6, 10, 8], "texture": "#0"},
				"west": {"uv": [0, 0, 0, 2], "texture": "#0"},
				"up": {"uv": [4, 0, 0, 0], "texture": "#0"},
				"down": {"uv": [4, 0, 0, 0], "texture": "#0"}
			}
		},
		{
			"from": [5, 0.5, 5.7],
			"to": [7, 1.5, 5.7],
			"rotation": {"angle": 0, "axis": "y", "origin": [7, 0.5, 4.7]},
			"faces": {
				"north": {"uv": [6, 8, 8, 9], "texture": "#0"},
				"east": {"uv": [0, 0, 0, 2], "texture": "#0"},
				"south": {"uv": [6, 9, 8, 10], "texture": "#0"},
				"west": {"uv": [0, 0, 0, 2], "texture": "#0"},
				"up": {"uv": [4, 0, 0, 0], "texture": "#0"},
				"down": {"uv": [4, 0, 0, 0], "texture": "#0"}
			}
		}
	],
	"display": {
		"thirdperson_righthand": {
			"translation": [-1.5, 6, 1]
		},
		"thirdperson_lefthand": {
			"translation": [-1.5, 6, 1]
		},
		"firstperson_righthand": {
			"rotation": [0, -8.25, 0],
			"translation": [10, 11.25, 0.5],
			"scale": [1.65, 1.65, 1.65]
		},
		"firstperson_lefthand": {
			"rotation": [0, -8.25, 0],
			"translation": [10, 11.25, 0.5],
			"scale": [1.65, 1.65, 1.65]
		},
		"ground": {
			"translation": [0, 4.75, 0]
		},
		"gui": {
			"rotation": [42.48, 31.26, -25.44],
			"translation": [7.75, 10.75, 0],
			"scale": [2, 2, 2]
		},
		"head": {
			"translation": [8.5, 12.25, -2.75],
			"scale": [2, 2, 2]
		},
		"fixed": {
			"rotation": [-90, 0, 0],
			"translation": [0, 0, -16],
			"scale": [2, 2, 2]
		}
	}
}