{
	"credit": "Made with Blockbench",
	"texture_size": [64, 64],
	"textures": {
		"0": "custom/models/irongate",
		"particle": "custom/models/irongate"
	},
	"elements": [
		{
			"from": [8, 0, -16],
			"to": [8, 32, 32],
			"rotation": {"angle": 0, "axis": "y", "origin": [8, 0, 0]},
			"faces": {
				"north": {"uv": [0, 0, 0, 8], "texture": "#0"},
				"east": {"uv": [0, 0, 12, 8], "texture": "#0"},
				"south": {"uv": [0, 0, 0, 8], "texture": "#0"},
				"west": {"uv": [0, 8, 12, 16], "texture": "#0"},
				"up": {"uv": [0, 12, 0, 0], "texture": "#0"},
				"down": {"uv": [0, 0, 0, 12], "texture": "#0"}
			}
		}
	]
}