{
	"credit": "Made with Blockbench",
	"texture_size": [32, 32],
	"textures": {
		"0": "item/keyboard",
		"particle": "keyboard"
	},
	"elements": [
		{
			"from": [1, 0, 3],
			"to": [15, 1, 8],
			"faces": {
				"north": {"uv": [7, 3.5, 14, 4], "texture": "#0"},
				"east": {"uv": [9, 7.5, 11.5, 8], "texture": "#0"},
				"south": {"uv": [7, 4, 14, 4.5], "texture": "#0"},
				"west": {"uv": [9, 8, 11.5, 8.5], "texture": "#0"},
				"up": {"uv": [7, 2.5, 0, 0], "texture": "#0"},
				"down": {"uv": [7, 2.5, 0, 5], "texture": "#0"}
			}
		},
		{
			"from": [12.8, 0, -2.8],
			"to": [14.8, 4, -0.8],
			"rotation": {"angle": -22.5, "axis": "y", "origin": [7, 2, 4]},
			"faces": {
				"north": {"uv": [1, 8, 2, 10], "texture": "#0"},
				"east": {"uv": [2, 8, 3, 10], "texture": "#0"},
				"south": {"uv": [3, 8, 4, 10], "texture": "#0"},
				"west": {"uv": [0, 8, 1, 10], "texture": "#0"},
				"up": {"uv": [10, 10.5, 9, 9.5], "rotation": 270, "texture": "#0"},
				"down": {"uv": [1, 10, 0, 11], "rotation": 90, "texture": "#0"}
			}
		},
		{
			"from": [14, 0, 8],
			"to": [16, 4, 10],
			"rotation": {"angle": 22.5, "axis": "y", "origin": [7, 2, 4]},
			"faces": {
				"north": {"uv": [4, 8, 5, 10], "texture": "#0"},
				"east": {"uv": [5, 8, 6, 10], "texture": "#0"},
				"south": {"uv": [6, 8.5, 7, 10.5], "texture": "#0"},
				"west": {"uv": [7, 8.5, 8, 10.5], "texture": "#0"},
				"up": {"uv": [2, 11, 1, 10], "texture": "#0"},
				"down": {"uv": [3, 10, 2, 11], "texture": "#0"}
			}
		},
		{
			"from": [0, 0, 5],
			"to": [2, 2, 9],
			"rotation": {"angle": -45, "axis": "y", "origin": [7, 2, 4]},
			"faces": {
				"north": {"uv": [3, 10, 4, 11], "texture": "#0"},
				"east": {"uv": [8, 8.5, 10, 9.5], "texture": "#0"},
				"south": {"uv": [4, 10, 5, 11], "texture": "#0"},
				"west": {"uv": [9, 4.5, 11, 5.5], "texture": "#0"},
				"up": {"uv": [10, 7.5, 9, 5.5], "texture": "#0"},
				"down": {"uv": [10.5, 0, 9.5, 2], "texture": "#0"}
			}
		},
		{
			"from": [11, 0, 2],
			"to": [16, 0, 9],
			"faces": {
				"north": {"uv": [0, 0, 2.5, 0], "texture": "#0"},
				"east": {"uv": [0, 0, 3.5, 0], "texture": "#0"},
				"south": {"uv": [0, 0, 2.5, 0], "texture": "#0"},
				"west": {"uv": [0, 0, 3.5, 0], "texture": "#0"},
				"up": {"uv": [9, 8.5, 6.5, 5], "texture": "#0"},
				"down": {"uv": [9.5, 0, 7, 3.5], "texture": "#0"}
			}
		},
		{
			"from": [7, 0.5, 0],
			"to": [20, 0.5, 3],
			"faces": {
				"north": {"uv": [0, 0, 6.5, 0], "texture": "#0"},
				"east": {"uv": [0, 0, 1.5, 0], "texture": "#0"},
				"south": {"uv": [0, 0, 6.5, 0], "texture": "#0"},
				"west": {"uv": [0, 0, 1.5, 0], "texture": "#0"},
				"up": {"uv": [6.5, 6.5, 0, 5], "texture": "#0"},
				"down": {"uv": [6.5, 6.5, 0, 8], "texture": "#0"}
			}
		},
		{
			"from": [-2, 0, 2],
			"to": [0, 0, 5],
			"faces": {
				"north": {"uv": [0, 0, 1, 0], "texture": "#0"},
				"east": {"uv": [0, 0, 1.5, 0], "texture": "#0"},
				"south": {"uv": [0, 0, 1, 0], "texture": "#0"},
				"west": {"uv": [0, 0, 1.5, 0], "texture": "#0"},
				"up": {"uv": [10.5, 3.5, 9.5, 2], "texture": "#0"},
				"down": {"uv": [9, 9.5, 8, 11], "texture": "#0"}
			}
		}
	],
	"display": {
		"fixed": {
			"rotation": [-90, 0, 0],
			"translation": [2, 6, -16.01],
			"scale": [2, 2, 2]
		}
	}
}