{
	"credit": "Made with Blockbench",
	"texture_size": [32, 32],
	"textures": {
		"0": "item/polaroid",
		"particle": "item/polaroid"
	},
	"elements": [
		{
			"name": "base",
			"from": [5, 0, 6],
			"to": [11, 4, 8],
			"rotation": {"angle": 0, "axis": "y", "origin": [7, 0, 7]},
			"faces": {
				"north": {"uv": [0, 0, 3, 2], "texture": "#0"},
				"east": {"uv": [6, 0, 7, 2], "texture": "#0"},
				"south": {"uv": [0, 2, 3, 4], "texture": "#0"},
				"west": {"uv": [6, 2, 7, 4], "texture": "#0"},
				"up": {"uv": [6, 4, 3, 3], "texture": "#0"},
				"down": {"uv": [3, 4, 0, 5], "texture": "#0"}
			}
		},
		{
			"name": "slope",
			"from": [5.01, 0.5, 7],
			"to": [10.99, 2, 9.9],
			"rotation": {"angle": 45, "axis": "x", "origin": [7, 1.5, 9]},
			"faces": {
				"north": {"uv": [3, 4, 6, 5], "texture": "#0"},
				"east": {"uv": [3, 6, 4.5, 7], "texture": "#0"},
				"south": {"uv": [0, 5, 3, 6], "texture": "#0"},
				"west": {"uv": [6, 4, 7.5, 5], "texture": "#0"},
				"up": {"uv": [6, 1.5, 3, 0], "texture": "#0"},
				"down": {"uv": [6, 1.5, 3, 3], "texture": "#0"}
			}
		},
		{
			"name": "ass",
			"from": [5, 0, 8],
			"to": [11, 1.2, 10],
			"rotation": {"angle": 0, "axis": "y", "origin": [7, 0, 9]},
			"faces": {
				"north": {"uv": [4.5, 6, 7.5, 6.5], "texture": "#0"},
				"east": {"uv": [6, 7, 7, 7.5], "texture": "#0"},
				"south": {"uv": [6, 5, 9, 5.5], "texture": "#0"},
				"west": {"uv": [7, 7, 8, 7.5], "texture": "#0"},
				"up": {"uv": [6, 6, 3, 5], "texture": "#0"},
				"down": {"uv": [3, 6, 0, 7], "texture": "#0"}
			}
		},
		{
			"name": "visor",
			"from": [5, 3, 8],
			"to": [11, 4, 9],
			"rotation": {"angle": 0, "axis": "y", "origin": [7, 2.8, 9]},
			"faces": {
				"north": {"uv": [6, 5.5, 9, 6], "texture": "#0"},
				"east": {"uv": [0, 7.5, 0.5, 8], "texture": "#0"},
				"south": {"uv": [4.5, 6.5, 7.5, 7], "texture": "#0"},
				"west": {"uv": [0.5, 7.5, 1, 8], "texture": "#0"},
				"up": {"uv": [3, 7.5, 0, 7], "texture": "#0"},
				"down": {"uv": [10, 0, 7, 0.5], "texture": "#0"}
			}
		},
		{
			"name": "printer",
			"from": [5, 0, 5],
			"to": [11, 1, 6],
			"rotation": {"angle": 0, "axis": "y", "origin": [7, 0, 5]},
			"faces": {
				"north": {"uv": [7, 0.5, 10, 1], "texture": "#0"},
				"east": {"uv": [1, 7.5, 1.5, 8], "texture": "#0"},
				"south": {"uv": [7, 1, 10, 1.5], "texture": "#0"},
				"west": {"uv": [1.5, 7.5, 2, 8], "texture": "#0"},
				"up": {"uv": [10, 2, 7, 1.5], "texture": "#0"},
				"down": {"uv": [10, 2, 7, 2.5], "texture": "#0"}
			}
		},
		{
			"name": "lens",
			"from": [7, 1.5, 5],
			"to": [9, 3.5, 6],
			"rotation": {"angle": 45, "axis": "z", "origin": [8, 2.5, 5]},
			"faces": {
				"north": {"uv": [7, 2.5, 8, 3.5], "texture": "#0"},
				"east": {"uv": [4, 7, 4.5, 8], "texture": "#0"},
				"south": {"uv": [3, 7, 4, 8], "texture": "#0"},
				"west": {"uv": [4.5, 7, 5, 8], "texture": "#0"},
				"up": {"uv": [8, 4, 7, 3.5], "texture": "#0"},
				"down": {"uv": [6, 7, 5, 7.5], "texture": "#0"}
			}
		}
	],
	"display": {
		"thirdperson_righthand": {
			"rotation": [7.84, 0.52, -0.88],
			"translation": [-0.75, 4.25, 0.5]
		},
		"thirdperson_lefthand": {
			"rotation": [7.84, 0.52, -0.88],
			"translation": [-0.75, 4.25, 0.5]
		},
		"firstperson_righthand": {
			"rotation": [23.77, 14.3, 2.5],
			"translation": [0, 7.25, 5.75]
		},
		"firstperson_lefthand": {
			"rotation": [23.32, 14.68, 2.54],
			"translation": [-0.5, 7.5, 4.75]
		},
		"ground": {
			"translation": [0, 4.25, 0]
		},
		"gui": {
			"rotation": [-160.9, 32.6, 176.02],
			"translation": [-0.5, 11.75, 0],
			"scale": [2, 2, 2]
		},
		"head": {
			"translation": [0, 18.5, -1],
			"scale": [1.5, 1.5, 1.5]
		},
		"fixed": {
			"rotation": [-90, 0, 0],
			"translation": [0, 2, -16],
			"scale": [2, 2, 2]
		}
	}
}