{
	"credit": "Made with Blockbench",
	"texture_size": [32, 32],
	"textures": {
		"0": "item/shotgun",
		"particle": "shotgun"
	},
	"elements": [
		{
			"from": [8, 2, -4],
			"to": [10, 4, 12],
			"rotation": {"angle": 0, "axis": "y", "origin": [8, 2, -4]},
			"faces": {
				"north": {"uv": [9, 9, 10, 10], "texture": "#0"},
				"east": {"uv": [2, 2, 10, 3], "texture": "#0"},
				"south": {"uv": [9.5, 4, 10.5, 5], "texture": "#0"},
				"west": {"uv": [2, 3, 10, 4], "texture": "#0"},
				"up": {"uv": [3, 12, 2, 4], "texture": "#0"},
				"down": {"uv": [4, 4, 3, 12], "texture": "#0"}
			}
		},
		{
			"from": [6, 2, -4],
			"to": [8, 4, 12],
			"rotation": {"angle": 0, "axis": "y", "origin": [6, 2, -4]},
			"faces": {
				"north": {"uv": [8, 9, 9, 10], "texture": "#0"},
				"east": {"uv": [0, 0, 8, 1], "texture": "#0"},
				"south": {"uv": [9, 8, 10, 9], "texture": "#0"},
				"west": {"uv": [0, 1, 8, 2], "texture": "#0"},
				"up": {"uv": [1, 10, 0, 2], "texture": "#0"},
				"down": {"uv": [2, 2, 1, 10], "texture": "#0"}
			}
		},
		{
			"from": [7, 1, 7],
			"to": [9, 2, 12],
			"rotation": {"angle": 0, "axis": "y", "origin": [7, 1, 4]},
			"faces": {
				"north": {"uv": [5, 9.5, 6, 10], "texture": "#0"},
				"east": {"uv": [8, 1.5, 10.5, 2], "texture": "#0"},
				"south": {"uv": [9.5, 5, 10.5, 5.5], "texture": "#0"},
				"west": {"uv": [9, 0, 11.5, 0.5], "texture": "#0"},
				"up": {"uv": [6, 9.5, 5, 7], "texture": "#0"},
				"down": {"uv": [7, 7, 6, 9.5], "texture": "#0"}
			}
		},
		{
			"from": [7, 0, 10],
			"to": [9, 0.01, 12],
			"rotation": {"angle": 0, "axis": "y", "origin": [7, 0, 6]},
			"faces": {
				"north": {"uv": [9.5, 5.5, 10.5, 5.5], "texture": "#0"},
				"east": {"uv": [6, 9.5, 7, 9.5], "texture": "#0"},
				"south": {"uv": [7, 9.5, 8, 9.5], "texture": "#0"},
				"west": {"uv": [0, 10, 1, 10], "texture": "#0"},
				"up": {"uv": [10, 7, 9, 6], "texture": "#0"},
				"down": {"uv": [10, 7, 9, 8], "texture": "#0"}
			}
		},
		{
			"from": [7, 0, 10],
			"to": [9, 1, 10],
			"rotation": {"angle": 0, "axis": "y", "origin": [7, 0, 6]},
			"faces": {
				"north": {"uv": [4, 10, 5, 10.5], "texture": "#0"},
				"east": {"uv": [0, 16, 0, 16], "texture": "#0"},
				"south": {"uv": [6, 9.5, 7, 10], "texture": "#0"},
				"west": {"uv": [0, 16, 0, 16], "texture": "#0"},
				"up": {"uv": [0, 16, 0, 16], "texture": "#0"},
				"down": {"uv": [0, 16, 0, 16], "texture": "#0"}
			}
		},
		{
			"from": [7, 0, 10],
			"to": [9, 1, 10.01],
			"rotation": {"angle": 0, "axis": "y", "origin": [8, 0.5, 10]},
			"faces": {
				"north": {"uv": [4, 10, 5, 10.5], "texture": "#0"},
				"east": {"uv": [0, 16, 0, 16], "texture": "#0"},
				"south": {"uv": [6, 9.5, 7, 10], "texture": "#0"},
				"west": {"uv": [0, 16, 0, 16], "texture": "#0"},
				"up": {"uv": [0, 16, 0, 16], "texture": "#0"},
				"down": {"uv": [0, 16, 0, 16], "texture": "#0"}
			}
		},
		{
			"from": [7, 0, 12],
			"to": [9, 2, 15],
			"rotation": {"angle": 0, "axis": "y", "origin": [7, 0, 12]},
			"faces": {
				"north": {"uv": [7, 8.5, 8, 9.5], "texture": "#0"},
				"east": {"uv": [8, 4, 9.5, 5], "texture": "#0"},
				"south": {"uv": [9, 0.5, 10, 1.5], "texture": "#0"},
				"west": {"uv": [8, 5, 9.5, 6], "texture": "#0"},
				"up": {"uv": [9, 7.5, 8, 6], "texture": "#0"},
				"down": {"uv": [9, 7.5, 8, 9], "texture": "#0"}
			}
		},
		{
			"from": [7, -1, 15],
			"to": [9, 2, 21],
			"rotation": {"angle": 0, "axis": "y", "origin": [7, -1, 14]},
			"faces": {
				"north": {"uv": [7, 7, 8, 8.5], "texture": "#0"},
				"east": {"uv": [4, 4, 7, 5.5], "texture": "#0"},
				"south": {"uv": [8, 0, 9, 1.5], "texture": "#0"},
				"west": {"uv": [4, 5.5, 7, 7], "texture": "#0"},
				"up": {"uv": [5, 10, 4, 7], "texture": "#0"},
				"down": {"uv": [8, 4, 7, 7], "texture": "#0"}
			}
		}
	],
	"display": {
		"thirdperson_righthand": {
			"translation": [0, 6.75, -3.25]
		},
		"thirdperson_lefthand": {
			"translation": [0, 6.75, -3.25]
		},
		"firstperson_righthand": {
			"rotation": [2.09, -7.16, 0.42],
			"translation": [3.75, 10.5, 0.5]
		},
		"firstperson_lefthand": {
			"rotation": [2.09, -7.16, 0.42],
			"translation": [3.75, 10.5, 0.5]
		},
		"ground": {
			"translation": [0, 2.75, 0],
			"scale": [0.5, 0.5, 0.5]
		},
		"gui": {
			"rotation": [30.3, 52.17, -15],
			"translation": [0, 5.75, 0]
		},
		"head": {
			"translation": [0, 1, -7]
		},
		"fixed": {
			"rotation": [-98.5, 0, 0],
			"translation": [0, 0, -15.25],
			"scale": [2, 2, 2]
		}
	}
}