{
	"credit": "Made with Blockbench",
	"textures": {
		"0": "item/singlecan",
		"particle": "item/brown_stained_glass"
	},
	"elements": [
		{
			"from": [7, 0, 7],
			"to": [9, 2, 11],
			"rotation": {"angle": 22.5, "axis": "y", "origin": [7, 0, 8]},
			"faces": {
				"north": {"uv": [2, 4, 4, 6], "texture": "#0"},
				"east": {"uv": [0, 0, 4, 2], "texture": "#0"},
				"south": {"uv": [4, 4, 6, 6], "texture": "#0"},
				"west": {"uv": [0, 2, 4, 4], "texture": "#0"},
				"up": {"uv": [2, 8, 0, 4], "texture": "#0"},
				"down": {"uv": [6, 0, 4, 4], "texture": "#0"}
			}
		}
	],
	"display": {
		"thirdperson_righthand": {
			"rotation": [155.48, 29.12, -172.45],
			"translation": [0.75, 7.25, -1.5]
		},
		"thirdperson_lefthand": {
			"rotation": [169.16, -13.96, -138.6],
			"translation": [4.5, 5.75, -1.75]
		},
		"firstperson_righthand": {
			"rotation": [75.11, -11.76, -33.44],
			"translation": [0.25, 6, 11]
		},
		"firstperson_lefthand": {
			"rotation": [64, 16, 78],
			"translation": [-8.75, 3.75, 6]
		},
		"ground": {
			"translation": [0, 4.75, 0]
		},
		"gui": {
			"rotation": [106.93, -11.2, -21.09],
			"translation": [4.75, -3.75, 0],
			"scale": [2, 2, 2]
		},
		"head": {
			"translation": [0, 19, -0.5],
			"scale": [1.6, 1.6, 1.6]
		},
		"fixed": {
			"rotation": [-90, 0, 0],
			"translation": [0, 0, -16],
			"scale": [2, 2, 2]
		}
	}
}