{
	"credit": "Made with Blockbench",
	"textures": {
		"0": "custom/models/camera",
		"particle": "custom/models/camera"
	},
	"elements": [
		{
			"from": [5, 6, 7],
			"to": [11, 10, 9],
			"rotation": {"angle": 0, "axis": "y", "origin": [7, 6, 7]},
			"faces": {
				"north": {"uv": [0, 0, 6, 4], "texture": "#0"},
				"east": {"uv": [6, 4, 8, 8], "texture": "#0"},
				"south": {"uv": [0, 4, 6, 8], "texture": "#0"},
				"west": {"uv": [0, 8, 2, 12], "texture": "#0"},
				"up": {"uv": [12, 2, 6, 0], "texture": "#0"},
				"down": {"uv": [12, 2, 6, 4], "texture": "#0"}
			}
		},
		{
			"from": [8.5, 9.5, 7.5],
			"to": [10.5, 10.5, 8.5],
			"rotation": {"angle": 0, "axis": "y", "origin": [6.5, 9.5, 6.5]},
			"faces": {
				"north": {"uv": [8, 7, 10, 8], "texture": "#0"},
				"east": {"uv": [9, 8, 10, 9], "texture": "#0"},
				"south": {"uv": [9, 4, 11, 5], "texture": "#0"},
				"west": {"uv": [9, 9, 10, 10], "texture": "#0"},
				"up": {"uv": [11, 6, 9, 5], "texture": "#0"},
				"down": {"uv": [9, 9, 7, 10], "texture": "#0"}
			}
		},
		{
			"from": [6, 7, 6],
			"to": [8, 9, 7],
			"rotation": {"angle": 0, "axis": "y", "origin": [7, 6, 5]},
			"faces": {
				"north": {"uv": [2, 8, 4, 10], "texture": "#0"},
				"east": {"uv": [8, 4, 9, 6], "texture": "#0"},
				"south": {"uv": [4, 8, 6, 10], "texture": "#0"},
				"west": {"uv": [6, 8, 7, 10], "texture": "#0"},
				"up": {"uv": [10, 7, 8, 6], "texture": "#0"},
				"down": {"uv": [9, 8, 7, 9], "texture": "#0"}
			}
		}
	],
	"display": {
		"firstperson_righthand": {
			"translation": [-2, 3.25, 0],
			"scale": [2, 2, 2]
		},
		"firstperson_lefthand": {
			"translation": [-2, 3.25, 0],
			"scale": [2, 2, 2]
		},
		"gui": {
			"rotation": [-162.57, -21.15, 177.09],
			"scale": [2, 2, 2]
		},
		"head": {
			"translation": [0, -5.5, -7.25]
		},
		"fixed": {
			"scale": [2, 2, 2]
		}
	}
}